Movie Name,Director,Cast,Plot,Genre
The Shawshank Redemption,Frank Darabont,"Tim Robbins, Morgan Freeman, Bob Gunton, William Sadler","Two imprisoned men bond over a number of years, finding solace and eventual redemption through acts of common decency.",Drama
The Godfather,Francis Ford Coppola,"Marlon Brando, Al Pacino, James Caan, Richard S. Castellano",The aging patriarch of an organized crime dynasty transfers control of his clandestine empire to his reluctant son.,Crime
The Godfather: Part II,Francis Ford Coppola,"Al Pacino, Robert Duvall, Diane Keaton, Robert De Niro","The early life and career of Vito Corleone in 1920s New York City is portrayed, while his son, Michael, expands and tightens his grip on the family crime syndicate.",Crime
The Dark Knight,Christopher Nolan,"Christian Bale, Heath Ledger, Aaron Eckhart, Michael Caine","When the menace known as the Joker wreaks havoc and chaos on the people of Gotham, Batman must accept one of the greatest psychological and physical tests of his ability to fight injustice.",Action
12 Angry Men,Sidney Lumet,"Martin Balsam, John Fiedler, Lee J. Cobb, E.G. Marshall",A jury holdout attempts to prevent a miscarriage of justice by forcing his colleagues to reconsider the evidence.,Drama
Schindler's List,Steven Spielberg,"Liam Neeson, Ben Kingsley, Ralph Fiennes, Caroline Goodall","In German-occupied Poland during World War II, industrialist Oskar Schindler gradually becomes concerned for his Jewish workforce after witnessing their persecution by the Nazis.",Biography
The Lord of the Rings: The Return of the King,Peter Jackson,"Noel Appleby, Ali Astin, Sean Astin, David Aston",Gandalf and Aragorn lead the World of Men against Sauron's army to draw his gaze from Frodo and Sam as they approach Mount Doom with the One Ring.,Adventure
Pulp Fiction,Quentin Tarantino,"Tim Roth, Amanda Plummer, Laura Lovelace, John Travolta","The lives of two mob hitmen, a boxer, a gangster and his wife, and a pair of diner bandits intertwine in four tales of violence and redemption.",Crime
"The Good, the Bad and the Ugly",Sergio Leone,"Eli Wallach, Clint Eastwood, Lee Van Cleef, Aldo Giuffr√®",A bounty hunting scam joins two men in an uneasy alliance against a third in a race to find a fortune in gold buried in a remote cemetery.,Western
Fight Club,David Fincher,"Edward Norton, Brad Pitt, Meat Loaf, Zach Grenier","An insomniac office worker and a devil-may-care soapmaker form an underground fight club that evolves into something much, much more.",Drama
The Lord of the Rings: The Fellowship of the Ring,Peter Jackson,"Alan Howard, Noel Appleby, Sean Astin, Sala Baker",A meek Hobbit from the Shire and eight companions set out on a journey to destroy the powerful One Ring and save Middle-earth from the Dark Lord Sauron.,Adventure
Forrest Gump,Robert Zemeckis,"Tom Hanks, Rebecca Williams, Sally Field, Michael Conner Humphreys","The presidencies of Kennedy and Johnson, the events of Vietnam, Watergate, and other history unfold through the perspective of an Alabama man with an IQ of 75.",Drama
Inception,Christopher Nolan,"Leonardo DiCaprio, Joseph Gordon-Levitt, Ellen Page, Tom Hardy",A thief who steals corporate secrets through the use of dream-sharing technology is given the inverse task of planting an idea into the mind of a C.E.O.,Action
Star Wars: Episode V - The Empire Strikes Back,Irvin Kershner,"Mark Hamill, Harrison Ford, Carrie Fisher, Billy Dee Williams","After the Rebels are brutally overpowered by the Empire on the ice planet Hoth, Luke Skywalker begins Jedi training with Yoda, while his friends are pursued by Darth Vader.",Action
The Lord of the Rings: The Two Towers,Peter Jackson,"Bruce Allpress, Sean Astin, John Bach, Sala Baker","While Frodo and Sam edge closer to Mordor with the help of the shifty Gollum, the divided fellowship makes a stand against Sauron's new ally, Saruman, and his hordes of Isengard.",Adventure
The Matrix,Lana Wachowski,"Keanu Reeves, Laurence Fishburne, Carrie-Anne Moss, Hugo Weaving",A computer hacker learns from mysterious rebels about the true nature of his reality and his role in the war against its controllers.,Action
Joker,Todd Phillips,"Joaquin Phoenix, Robert De Niro, Zazie Beetz ","In Gotham City, mentally-troubled comedian Arthur Fleck is disregarded and mistreated by society. He then embarks on a downward spiral of revolution and bloody crime. This path brings him face-to-face with his alter-ego: ""The Joker"".",Crime
One Flew Over the Cuckoo's Nest,Milos Forman,"Michael Berryman, Peter Brocco, Dean R. Brooks, Alonzo Brown","A criminal pleads insanity and is admitted to a mental institution, where he rebels against the oppressive nurse and rallies up the scared patients.",Drama
Goodfellas,Martin Scorsese,"Robert De Niro, Ray Liotta, Joe Pesci, Lorraine Bracco","The story of Henry Hill and his life in the mob, covering his relationship with his wife Karen Hill and his mob partners Jimmy Conway and Tommy DeVito in the Italian-American crime syndicate.",Biography
Seven Samurai,Akira Kurosawa,"Toshir√¥ Mifune, Takashi Shimura, Keiko Tsushima, Yukiko Shimazaki",A poor village under attack by bandits recruits seven unemployed samurai to help them defend themselves.,Action
Se7en,David Fincher,"Morgan Freeman, Andrew Kevin Walker, Kevin Spacey, Daniel Zacapa","Two detectives, a rookie and a veteran, hunt a serial killer who uses the seven deadly sins as his motives.",Crime
City of God,Fernando Meirelles,"Alexandre Rodrigues, Leandro Firmino, Phellipe Haagensen, Douglas Silva","In the slums of Rio, two kids' paths diverge as one struggles to become a photographer and the other a kingpin.",Crime
Life Is Beautiful,Roberto Benigni,"Roberto Benigni, Nicoletta Braschi, Giorgio Cantarini, Giustino Durano","When an open-minded Jewish librarian and his son become victims of the Holocaust, he uses a perfect mixture of will, humor, and imagination to protect his son from the dangers around their camp.",Comedy
The Silence of the Lambs,Jonathan Demme,"Jodie Foster, Lawrence A. Bonney, Kasi Lemmons, Lawrence T. Wrentz","A young F.B.I. cadet must receive the help of an incarcerated and manipulative cannibal killer to help catch another serial killer, a madman who skins his victims.",Crime
It's a Wonderful Life,Frank Capra,"James Stewart, Donna Reed, Lionel Barrymore, Thomas Mitchell",An angel is sent from Heaven to help a desperately frustrated businessman by showing him what life would have been like if he had never existed.,Drama
Star Wars: Episode IV - A New Hope,George Lucas,"Mark Hamill, Harrison Ford, Carrie Fisher, Peter Cushing","Luke Skywalker joins forces with a Jedi Knight, a cocky pilot, a Wookiee and two droids to save the galaxy from the Empire's world-destroying battle station, while also attempting to rescue Princess Leia from the mysterious Darth Vader.",Action
Saving Private Ryan,Steven Spielberg,"Tom Hanks, Tom Sizemore, Edward Burns, Barry Pepper","Following the Normandy Landings, a group of U.S. soldiers go behind enemy lines to retrieve a paratrooper whose brothers have been killed in action.",Drama
Spirited Away,Hayao Miyazaki,"Rumi Hiiragi, Miyu Irino, Mari Natsuki, Takashi Nait√¥","During her family's move to the suburbs, a sullen 10-year-old girl wanders into a world ruled by gods, witches, and spirits, and where humans are changed into beasts.",Animation
The Green Mile,Frank Darabont,"Tom Hanks, David Morse, Michael Clarke Duncan, Bonnie Hunt","The lives of guards on Death Row are affected by one of their charges: a black man accused of child murder and rape, yet who has a mysterious gift.",Crime
L√©on: The Professional,Luc Besson,"Jean Reno, Gary Oldman, Natalie Portman, Danny Aiello","Mathilda, a 12-year-old girl, is reluctantly taken in by L√©on, a professional assassin, after her family is murdered. An unusual relationship forms as she becomes his prot√©g√©e and learns the assassin's trade.",Action
Interstellar,Christopher Nolan,"Ellen Burstyn, Matthew McConaughey, Mackenzie Foy, John Lithgow",A team of explorers travel through a wormhole in space in an attempt to ensure humanity's survival.,Adventure
Harakiri,Masaki Kobayashi,"Tatsuya Nakadai, Akira Ishihama, Shima Iwashita  |","When a ronin requesting seppuku at a feudal lord's palace is told of the brutal suicide of another ronin who previously visited, he reveals how their pasts are intertwined - and in doing so challenges the clan's integrity.",Drama
The Usual Suspects,Bryan Singer,"Stephen Baldwin, Gabriel Byrne, Benicio Del Toro, Kevin Pollak","A sole survivor tells of the twisty events leading up to a horrific gun battle on a boat, which began when five criminals met at a seemingly random police lineup.",Crime
The Lion King,Roger Allers,"Rowan Atkinson, Matthew Broderick, Niketa Calame, Jim Cummings","A Lion cub crown prince is tricked by a treacherous uncle into thinking he caused his father's death and flees into exile in despair, only to learn in adulthood his identity and his responsibilities.",Animation
American History X,Tony Kaye,"Edward Norton, Edward Furlong, Beverly D'Angelo, Jennifer Lien",A former neo-nazi skinhead tries to prevent his younger brother from going down the same wrong path that he did.,Drama
Parasite,Bong Joon Ho,"Kang-ho Song, Sun-kyun Lee, Yeo-jeong Jo ","All unemployed, Ki-taek and his family take peculiar interest in the wealthy and glamorous Parks, as they ingratiate themselves into their lives and get entangled in an unexpected incident.",Comedy
Back to the Future,Robert Zemeckis,"Michael J. Fox, Christopher Lloyd, Lea Thompson, Crispin Glover","Marty McFly, a 17-year-old high school student, is accidentally sent thirty years into the past in a time-traveling DeLorean invented by his close friend, the maverick scientist Doc Brown.",Adventure
The Pianist,Roman Polanski,"Adrien Brody, Emilia Fox, Michal Zebrowski, Ed Stoppard",A Polish Jewish musician struggles to survive the destruction of the Warsaw ghetto of World War II.,Biography
Terminator 2: Judgment Day,James Cameron,"Arnold Schwarzenegger, Linda Hamilton, Edward Furlong, Robert Patrick","A cyborg, identical to the one who failed to kill Sarah Connor, must now protect her teenage son, John Connor, from a more advanced and powerful cyborg.",Action
Modern Times,Charles Chaplin,"Charles Chaplin, Paulette Goddard, Henry Bergman, Tiny Sandford",The Tramp struggles to live in modern industrial society with the help of a young homeless woman.,Comedy
Psycho,Alfred Hitchcock,"Anthony Perkins, Vera Miles, John Gavin, Janet Leigh","A Phoenix secretary embezzles forty thousand dollars from her employer's client, goes on the run, and checks into a remote motel run by a young man under the domination of his mother.",Horror
The Intouchables,Olivier Nakache,"Fran√ßois Cluzet, Omar Sy, Anne Le Ny, Audrey Fleurot","After he becomes a quadriplegic from a paragliding accident, an aristocrat hires a young man from the projects to be his caregiver.",Biography
Gladiator,Ridley Scott,"Russell Crowe, Joaquin Phoenix, Connie Nielsen, Oliver Reed",A former Roman General sets out to exact vengeance against the corrupt emperor who murdered his family and sent him into slavery.,Action
City Lights,Charles Chaplin,"Virginia Cherrill, Florence Lee, Harry Myers, Al Ernest Garcia","With the aid of a wealthy erratic tippler, a dewy-eyed tramp who has fallen in love with a sightless flower girl accumulates money to be able to help her medically.",Comedy
The Departed,Martin Scorsese,"Leonardo DiCaprio, Matt Damon, Jack Nicholson, Mark Wahlberg",An undercover cop and a mole in the police attempt to identify each other while infiltrating an Irish gang in South Boston.,Crime
Whiplash,Damien Chazelle,"Miles Teller, J.K. Simmons, Paul Reiser, Melissa Benoist",A promising young drummer enrolls at a cut-throat music conservatory where his dreams of greatness are mentored by an instructor who will stop at nothing to realize a student's potential.,Drama
Once Upon a Time in the West,Sergio Leone,"Claudia Cardinale, Henry Fonda, Jason Robards, Charles Bronson",A mysterious stranger with a harmonica joins forces with a notorious desperado to protect a beautiful widow from a ruthless assassin working for the railroad.,Western
The Prestige,Christopher Nolan,"Hugh Jackman, Christian Bale, Michael Caine, Piper Perabo","After a tragic accident, two stage magicians engage in a battle to create the ultimate illusion while sacrificing everything they have to outwit each other.",Drama
Casablanca,Michael Curtiz,"Humphrey Bogart, Ingrid Bergman, Paul Henreid, Claude Rains",A cynical American expatriate struggles to decide whether or not he should help his former lover and her fugitive husband escape French Morocco.,Drama
Grave of the Fireflies,Isao Takahata,"Tsutomu Tatsumi, Ayano Shiraishi, Yoshiko Shinohara, Akemi Yamaguchi",A young boy and his little sister struggle to survive in Japan during World War II.,Animation
Rear Window,Alfred Hitchcock,"James Stewart, Grace Kelly, Wendell Corey, Thelma Ritter",A wheelchair-bound photographer spies on his neighbors from his apartment window and becomes convinced one of them has committed murder.,Mystery
Cinema Paradiso,Giuseppe Tornatore,"Antonella Attili, Enzo Cannavale, Isa Danieli, Leo Gullotta",A filmmaker recalls his childhood when falling in love with the pictures at the cinema of his home village and forms a deep friendship with the cinema's projectionist.,Drama
Alien,Ridley Scott,"Sigourney Weaver, Carrie Henn, Michael Biehn, Paul Reiser","After a space merchant vessel perceives an unknown transmission as a distress call, its landing on the source moon finds one of the crew attacked by a mysterious lifeform, and they soon realize that its life cycle has merely begun.",Horror
Raiders of the Lost Ark,Steven Spielberg,"Harrison Ford, Karen Allen, Paul Freeman, Ronald Lacey","In 1936, archaeologist and adventurer Indiana Jones is hired by the U.S. government to find the Ark of the Covenant before Adolf Hitler's Nazis can obtain its awesome powers.",Action
Memento,Christopher Nolan,"Guy Pearce, Carrie-Anne Moss, Joe Pantoliano, Mark Boone Junior",A man with short-term memory loss attempts to track down his wife's murderer.,Mystery
Avengers: Endgame,Anthony Russo,"Robert Downey Jr., Chris Evans, Mark Ruffalo","After the devastating events of Avengers: Infinity War (2018), the universe is in ruins. With the help of remaining allies, the Avengers assemble once more in order to reverse Thanos' actions and restore balance to the universe.",Action
Apocalypse Now,Francis Ford Coppola,"Marlon Brando, Martin Sheen, Robert Duvall, Frederic Forrest",A U.S. Army officer serving in Vietnam is tasked with assassinating a renegade Special Forces Colonel who sees himself as a god.,Drama
The Great Dictator,Charles Chaplin,"Charles Chaplin, Jack Oakie, Reginald Gardiner, Henry Daniell",Dictator Adenoid Hynkel tries to expand his empire while a poor Jewish barber tries to avoid persecution from Hynkel's regime.,Comedy
The Lives of Others,Florian Henckel von Donnersmarck,"Martina Gedeck, Ulrich M√ºhe, Sebastian Koch, Ulrich Tukur","In 1984 East Berlin, an agent of the secret police, conducting surveillance on a writer and his lover, finds himself becoming increasingly absorbed by their lives.",Drama
Django Unchained,Quentin Tarantino,"Jamie Foxx, Christoph Waltz, Leonardo DiCaprio, Kerry Washington","With the help of a German bounty hunter, a freed slave sets out to rescue his wife from a brutal Mississippi plantation owner.",Drama
Avengers: Infinity War,Anthony Russo,"Robert Downey Jr., Chris Hemsworth, Mark Ruffalo",The Avengers and their allies must be willing to sacrifice all in an attempt to defeat the powerful Thanos before his blitz of devastation and ruin puts an end to the universe.,Action
The Shining,Stanley Kubrick,"Jack Nicholson, Shelley Duvall, Danny Lloyd, Scatman Crothers","A family heads to an isolated hotel for the winter where a sinister presence influences the father into violence, while his psychic son sees horrific forebodings from both past and future.",Drama
Paths of Glory,Stanley Kubrick,"Kirk Douglas, Ralph Meeker, Adolphe Menjou, George Macready","After refusing to attack an enemy position, a general accuses the soldiers of cowardice and their commanding officer must defend them.",Drama
Spider-Man: Into the Spider-Verse,Bob Persichetti,"Shameik Moore, Jake Johnson, Hailee Steinfeld","Teen Miles Morales becomes Spider-Man of his reality, crossing his path with five counterparts from other dimensions to stop a threat for all realities.",Animation
WALL¬∑E,Andrew Stanton,"Ben Burtt, Elissa Knight, Jeff Garlin, Fred Willard","In the distant future, a small waste-collecting robot inadvertently embarks on a space journey that will ultimately decide the fate of mankind.",Animation
Sunset Blvd.,Billy Wilder,"William Holden, Gloria Swanson, Erich von Stroheim",A screenwriter develops a dangerous relationship with a faded film star determined to make a triumphant return.,Drama
Princess Mononoke,Hayao Miyazaki,"Billy Crudup, Billy Bob Thornton, Minnie Driver, John DiMaggio","On a journey to find the cure for a Tatarigami's curse, Ashitaka finds himself in the middle of a war between the forest gods and Tatara, a mining colony. In this quest he also meets San, the Mononoke Hime.",Animation
Dr. Strangelove or: How I Learned to Stop Worrying and Love the Bomb,Stanley Kubrick,"Peter Sellers, George C. Scott, Sterling Hayden, Keenan Wynn",An insane general triggers a path to nuclear holocaust that a War Room full of politicians and generals frantically tries to stop.,Comedy
Oldboy,Chan-wook Park,"Min-sik Choi, Ji-tae Yu, Hye-jeong Kang, Dae-han Ji","After being kidnapped and imprisoned for fifteen years, Oh Dae-Su is released, only to find that he must find his captor in five days.",Action
Witness for the Prosecution,Billy Wilder,"Tyrone Power, Marlene Dietrich, Charles Laughton, Elsa Lanchester",A veteran British barrister must defend his client in a murder trial that has surprise after surprise.,Crime
The Dark Knight Rises,Christopher Nolan,"Christian Bale, Gary Oldman, Tom Hardy, Joseph Gordon-Levitt","Eight years after the Joker's reign of anarchy, Batman, with the help of the enigmatic Catwoman, is forced from his exile to save Gotham City from the brutal guerrilla terrorist Bane.",Action
Once Upon a Time in America,Sergio Leone,"Robert De Niro, James Woods, Elizabeth McGovern, Joe Pesci","A former Prohibition-era Jewish gangster returns to the Lower East Side of Manhattan over thirty years later, where he once again must confront the ghosts and regrets of his old life.",Crime
Aliens,James Cameron,"Sigourney Weaver, Carrie Henn, Michael Biehn, Paul Reiser","Ellen Ripley is rescued by a deep salvage team after being in hypersleep for 57 years. The moon that the Nostromo visited has been colonized, but contact is lost. This time, colonial marines have impressive firepower, but will that be enough?",Action
American Beauty,Sam Mendes,"Kevin Spacey, Annette Bening, Thora Birch, Wes Bentley",A sexually frustrated suburban father has a mid-life crisis after becoming infatuated with his daughter's best friend.,Drama
Your Name.,Makoto Shinkai,"Ryûnosuke Kamiki, Mone Kamishiraishi, Ryô Narita","Two strangers find themselves linked in a bizarre way. When a connection forms, will distance be the only thing to keep them apart?",Animation
Coco,Lee Unkrich,"Anthony Gonzalez, Gael García Bernal, Benjamin Bratt","Aspiring musician Miguel, confronted with his family's ancestral ban on music, enters the Land of the Dead to find his great-great-grandfather, a legendary singer.",Animation
Braveheart,Mel Gibson,"James Robinson, Sean Lawlor, Sandy Nelson, James Cosmo","When his secret bride is executed for assaulting an English soldier who tried to rape her, William Wallace begins a revolt against King Edward I of England.",Biography
Das Boot,Wolfgang Petersen,"J√ºrgen Prochnow, Herbert Gr√∂nemeyer, Klaus Wennemann, Hubertus Bengsch","The claustrophobic world of a WWII German U-boat; boredom, filth and sheer terror.",Adventure
3 Idiots,Rajkumar Hirani,"Aamir Khan, Madhavan, Sharman Joshi, Kareena Kapoor Khan","Two friends are searching for their long lost companion. They revisit their college days and recall the memories of their friend who inspired them to think differently, even as the rest of the world called them ""idiots"".",Comedy
Star Wars: Episode VI - Return of the Jedi,Richard Marquand,"Mark Hamill, Harrison Ford, Carrie Fisher, Billy Dee Williams","After a daring mission to rescue Han Solo from Jabba the Hutt, the Rebels dispatch to Endor to destroy the second Death Star. Meanwhile, Luke struggles to help Darth Vader back from the dark side without falling into the Emperor's trap.",Action
Taare Zameen Par,Aamir Khan,"Darsheel Safary, Aamir Khan, Tisca Chopra","An eight-year-old boy is thought to be a lazy trouble-maker, until the new art teacher has the patience and compassion to discover the real problem behind his struggles in school.",Drama
Toy Story,John Lasseter,"Tom Hanks, Tim Allen, Joan Cusack, Ned Beatty",A cowboy doll is profoundly threatened and jealous when a new spaceman figure supplants him as top toy in a boy's room.,Animation
Reservoir Dogs,Quentin Tarantino,"Harvey Keitel, Tim Roth, Michael Madsen, Chris Penn","When a simple jewelry heist goes horribly wrong, the surviving criminals begin to suspect that one of them is a police informant.",Crime
Amadeus,Milos Forman,"F. Murray Abraham, Tom Hulce, Elizabeth Berridge, Roy Dotrice","The life, success and troubles of Wolfgang Amadeus Mozart, as told by Antonio Salieri, the contemporaneous composer who was insanely jealous of Mozart's talent and claimed to have murdered him.",Biography
Inglourious Basterds,Quentin Tarantino,"Brad Pitt, M√©lanie Laurent, Christoph Waltz, Eli Roth","In Nazi-occupied France during World War II, a plan to assassinate Nazi leaders by a group of Jewish U.S. soldiers coincides with a theatre owner's vengeful plans for the same.",Adventure
Good Will Hunting,Gus Van Sant,"Matt Damon, Ben Affleck, Stellan Skarsg√•rd, John Mighton","Will Hunting, a janitor at M.I.T., has a gift for mathematics, but needs help from a psychologist to find direction in his life.",Drama
M,Fritz Lang,"Peter Lorre, Ellen Widmann, Inge Landgut","When the police in a German city are unable to catch a child-murderer, other criminals join in the manhunt.",Crime
Dangal,Nitesh Tiwari,"Aamir Khan, Sakshi Tanwar, Fatima Sana Shaikh, Sanya Malhotra",Former wrestler Mahavir Singh Phogat and his two wrestler daughters struggle towards glory at the Commonwealth Games in the face of societal oppression.,Action
Requiem for a Dream,Darren Aronofsky,"Ellen Burstyn, Jared Leto, Jennifer Connelly, Marlon Wayans",The drug-induced utopias of four Coney Island people are shattered when their addictions run deep.,Drama
2001: A Space Odyssey,Stanley Kubrick,"Keir Dullea, Gary Lockwood, William Sylvester, Daniel Richter","After discovering a mysterious artifact buried beneath the Lunar surface, mankind sets off on a quest to find its origins with help from intelligent supercomputer H.A.L. 9000.",Adventure
Vertigo,Alfred Hitchcock,"James Stewart, Kim Novak, Barbara Bel Geddes, Tom Helmore",A former police detective juggles wrestling with his personal demons and becoming obsessed with a hauntingly beautiful woman.,Mystery
Eternal Sunshine of the Spotless Mind,Michel Gondry,"Jim Carrey, Kate Winslet, Gerry Robert Byrne, Elijah Wood","When their relationship turns sour, a couple undergoes a medical procedure to have each other erased from their memories.",Drama
Citizen Kane,Orson Welles,"Joseph Cotten, Dorothy Comingore, Agnes Moorehead, Ruth Warrick","Following the death of publishing tycoon, Charles Foster Kane, reporters scramble to uncover the meaning of his final utterance; 'Rosebud'.",Drama
The Hunt,Thomas Vinterberg,"Mads Mikkelsen, Thomas Bo Larsen, Annika Wedderkopp, Lasse Fogelstr√∏m","A teacher lives a lonely life, all the while struggling over his son's custody. His life slowly gets better as he finds love and receives good news from his son, but his new luck is about to be brutally shattered by an innocent little lie.",Drama
Full Metal Jacket,Stanley Kubrick,"Matthew Modine, Adam Baldwin, Vincent D'Onofrio, R. Lee Ermey",A pragmatic U.S. Marine observes the dehumanizing effects the Vietnam War has on his fellow recruits from their brutal boot camp training to the bloody street fighting in Hue.,Drama
North by Northwest,Alfred Hitchcock,"Cary Grant, Eva Marie Saint, James Mason, Jessie Royce Landis",A New York City advertising executive goes on the run after being mistaken for a government agent by a group of foreign spies.,Adventure
A Clockwork Orange,Stanley Kubrick,"Malcolm McDowell, Patrick Magee, Michael Bates, Warren Clarke","In the future, a sadistic gang leader is imprisoned and volunteers for a conduct-aversion experiment, but it doesn't go as planned.",Crime
Snatch,Guy Ritchie,"Benicio Del Toro, Dennis Farina, Vinnie Jones, Brad Pitt","Unscrupulous boxing promoters, violent bookmakers, a Russian gangster, incompetent amateur robbers and supposedly Jewish jewelers fight to track down a priceless stolen diamond.",Comedy
The Kid,Charles Chaplin,"Carl Miller, Edna Purviance, Jackie Coogan, Charles Chaplin","The Tramp cares for an abandoned child, but events put that relationship in jeopardy.",Comedy
Am√©lie,Jean-Pierre Jeunet,"Audrey Tautou, Mathieu Kassovitz, Rufus, Lorella Cravotta","Am√©lie is an innocent and naive girl in Paris with her own sense of justice. She decides to help those around her and, along the way, discovers love.",Comedy
Bicycle Thieves,Vittorio De Sica,"Lamberto Maggiorani, Enzo Staiola, Lianella Carell, Elena Altieri","In post-war Italy, a working-class man's bicycle is stolen. He and his son set out to find it.",Drama
Scarface,Brian De Palma,"Al Pacino, Steven Bauer, Michelle Pfeiffer, Mary Elizabeth Mastrantonio","In 1980 Miami, a determined Cuban immigrant takes over a drug cartel and succumbs to greed.",Crime
Singin' in the Rain,Stanley Donen,"Gene Kelly, Donald O'Connor, Debbie Reynolds, Jean Hagen",A silent film production company and cast make a difficult transition to sound.,Comedy
Taxi Driver,Martin Scorsese,"Diahnne Abbott, Frank Adu, Victor Argo, Gino Ardito","A mentally unstable veteran works as a nighttime taxi driver in New York City, where the perceived decadence and sleaze fuels his urge for violent action by attempting to liberate a presidential campaign worker and an underage prostitute.",Crime
Lawrence of Arabia,David Lean,"Peter O'Toole, Alec Guinness, Anthony Quinn, Jack Hawkins","The story of T.E. Lawrence, the English officer who successfully united and led the diverse, often warring, Arab tribes during World War I in order to fight the Turks.",Adventure
Toy Story 3,Lee Unkrich,"Tom Hanks, Tim Allen, Joan Cusack, Ned Beatty","The toys are mistakenly delivered to a day-care center instead of the attic right before Andy leaves for college, and it's up to Woody to convince the other toys that they weren't abandoned and to return home.",Animation
The Sting,George Roy Hill,"Paul Newman, Robert Redford, Robert Shaw, Charles Durning",Two grifters team up to pull off the ultimate con.,Comedy
Metropolis,Fritz Lang,"Alfred Abel, Gustav Fr√∂hlich, Rudolf Klein-Rogge, Fritz Rasp","In a futuristic city sharply divided between the working class and the city planners, the son of the city's mastermind falls in love with a working class prophet who predicts the coming of a savior to mediate their differences.",Drama
For a Few Dollars More,Sergio Leone,"Clint Eastwood, Lee Van Cleef, Gian Maria Volont√®, Mario Brega",Two bounty hunters with the same intentions team up to track down a Western outlaw.,Western
Ikiru,Akira Kurosawa,"Takashi Shimura, Shin'ichi Himori, Haruo Tanaka, Minoru Chiaki",A bureaucrat tries to find a meaning in his life after he discovers he has terminal cancer.,Drama
A Separation,Asghar Farhadi,"Peyman Moaadi, Leila Hatami, Sareh Bayat, Shahab Hosseini",A married couple are faced with a difficult decision - to improve the life of their child by moving to another country or to stay in Iran and look after a deteriorating parent who has Alzheimer's disease.,Drama
Double Indemnity,Billy Wilder,"Fred MacMurray, Barbara Stanwyck, Edward G. Robinson, Porter Hall",An insurance representative lets himself be talked by a seductive housewife into a murder/insurance fraud scheme that arouses the suspicion of an insurance investigator.,Crime
To Kill a Mockingbird,Robert Mulligan,"Gregory Peck, John Megna, Frank Overton, Rosemary Murphy","Atticus Finch, a lawyer in the Depression-era South, defends a black man against an undeserved rape charge, and his children against prejudice.",Crime
Capharna√ºm,Nadine Labaki,"Zain Al Rafeea, Yordanos Shiferaw, Boluwatife Treasure Bankole","While serving a five-year sentence for a violent crime, a 12-year-old boy sues his parents for neglect.",Drama
Indiana Jones and the Last Crusade,Steven Spielberg,"Harrison Ford, Sean Connery, Denholm Elliott, Alison Doody","In 1938, after his father Professor Henry Jones, Sr. goes missing while pursuing the Holy Grail, Professor Henry ""Indiana"" Jones, Jr. finds himself up against Adolf Hitler's Nazis again to stop them from obtaining its powers.",Action
The Apartment,Billy Wilder,"Jack Lemmon, Shirley MacLaine, Fred MacMurray, Ray Walston","A man tries to rise in his company by letting its executives use his apartment for trysts, but complications and a romance of his own ensue.",Comedy
Up,Pete Docter,"Edward Asner, Jordan Nagai, John Ratzenberger","78-year-old Carl Fredricksen travels to Paradise Falls in his house equipped with balloons, inadvertently taking a young stowaway.",Animation
L.A. Confidential,Curtis Hanson,"Kevin Spacey, Russell Crowe, Guy Pearce, James Cromwell","As corruption grows in 1950s Los Angeles, three policemen -- one strait-laced, one brutal, and one sleazy -- investigate a series of murders with their own brand of justice.",Crime
Incendies,Denis Villeneuve,"Mustafa Kamel, Hussein Sami, R√©my Girard, M√©lissa D√©sormeaux-Poulin",Twins journey to the Middle East to discover their family history and fulfill their mother's last wishes.,Drama
Monty Python and the Holy Grail,Terry Gilliam,"Graham Chapman, John Cleese, Eric Idle, Terry Gilliam","King Arthur and his Knights of the Round Table embark on a surreal, low-budget search for the Holy Grail, encountering many, very silly obstacles.",Adventure
Heat,Michael Mann,"Al Pacino, Robert De Niro, Val Kilmer",A group of professional bank robbers start to feel the heat from police when they unknowingly leave a clue at their latest heist.,Crime
Rash√¥mon,Akira Kurosawa,"Toshirô Mifune, Machiko Kyô, Masayuki Mori","The rape of a bride and the murder of her samurai husband are recalled from the perspectives of a bandit, the bride, the samurai's ghost and a woodcutter.",Crime
Die Hard,John McTiernan,"Bruce Willis, Bonnie Bedelia, Reginald VelJohnson, Paul Gleason",An NYPD officer tries to save his wife and several others taken hostage by German terrorists during a Christmas party at the Nakatomi Plaza in Los Angeles.,Action
Batman Begins,Christopher Nolan,"Christian Bale, Michael Caine, Liam Neeson, Katie Holmes","After training with his mentor, Batman begins his fight to free crime-ridden Gotham City from corruption.",Action
Yojimbo,Akira Kurosawa,"Toshir√¥ Mifune, Tatsuya Nakadai, Y√¥ko Tsukasa, Isuzu Yamada",A crafty ronin comes to a town divided by two criminal gangs and decides to play them against each other to free the town.,Action
Unforgiven,Clint Eastwood,"Clint Eastwood, Gene Hackman, Morgan Freeman, Richard Harris","Retired Old West gunslinger William Munny (Clint Eastwood) reluctantly takes on one last job, with the help of his old partner Ned Logan (Morgan Freeman) and a young man, The ""Schofield Kid"" (Jaimz Woolvett).",Drama
Green Book,Peter Farrelly,"Viggo Mortensen, Mahershala Ali, Linda Cardellini",A working-class Italian-American bouncer becomes the driver of an African-American classical pianist on a tour of venues through the 1960s American South.,Biography
Downfall,Oliver Hirschbiegel,"Bruno Ganz, Alexandra Maria Lara, Corinna Harfouch, Ulrich Matthes","Traudl Junge, the final secretary for Adolf Hitler, tells of the Nazi dictator's final days in his Berlin bunker at the end of WWII.",Biography
Children of Heaven,Majid Majidi,"Mohammad Amir Naji, Amir Farrokh Hashemian, Bahare Seddiqi, Nafise Jafar-Mohammadi","After a boy loses his sister's pair of shoes, he goes on a series of adventures in order to find them. When he can't, he tries a new way to ""win"" a new pair.",Drama
Some Like It Hot,Billy Wilder,"Marilyn Monroe, Tony Curtis, Jack Lemmon, George Raft","When two male musicians witness a mob hit, they flee the state in an all-female band disguised as women, but further complications set in.",Comedy
Howl's Moving Castle,Hayao Miyazaki,"Chieko Baish√¥, Takuya Kimura, Akihiro Miwa, Tatsuya Gash√ªin","When an unconfident young woman is cursed with an old body by a spiteful witch, her only chance of breaking the spell lies with a self-indulgent yet insecure young wizard and his companions in his legged, walking castle.",Animation
The Great Escape,John Sturges,"Steve McQueen, James Garner, Richard Attenborough, James Donald",Allied prisoners of war plan for several hundred of their number to escape from a German camp during World War II.,Adventure
My Neighbor Totoro,Hayao Miyazaki,"Noriko Hidaka, Chika Sakamoto, Shigesato Itoi, Sumi Shimamoto","When two girls move to the country to be near their ailing mother, they have adventures with the wondrous forest spirits who live nearby.",Animation
Ran,Akira Kurosawa,"Tatsuya Nakadai, Akira Terao, Jinpachi Nezu","In Medieval Japan, an elderly warlord retires, handing over his empire to his three sons. However, he vastly underestimates how the new-found power will corrupt them and cause them to turn on each other...and him.",Action
A Beautiful Mind,Ron Howard,"Russell Crowe, Ed Harris, Jennifer Connelly, Christopher Plummer","After John Nash, a brilliant but asocial mathematician, accepts secret work in cryptography, his life takes a turn for the nightmarish.",Biography
All About Eve,Joseph L. Mankiewicz,"Bette Davis, Anne Baxter, George Sanders, Celeste Holm",An ing√©nue insinuates herself into the lives of an established but aging stage actress and her circle of theater friends.,Drama
Pan's Labyrinth,Guillermo del Toro,"Ivana Baquero, Sergi L√≥pez, Maribel Verd√∫, Doug Jones","In the Falangist Spain of 1944, the bookish young stepdaughter of a sadistic army officer escapes into an eerie but captivating fantasy world.",Drama
Come and See,Elem Klimov,"Aleksey Kravchenko, Olga Mironova, Liubomiras Laucevicius, Vladas Bagdonas","After finding an old rifle, a young boy joins the Soviet resistance movement against ruthless German forces and experiences the horrors of World War II.",Drama
Casino,Martin Scorsese,"Robert De Niro, Sharon Stone, Joe Pesci, James Woods","A tale of greed, deception, money, power, and murder occur between two best friends: a mafia enforcer and a casino executive, compete against each other over a gambling empire, and over a fast living and fast loving socialite.",Crime
The Secret in Their Eyes,Juan Jos√© Campanella,"Soledad Villamil, Ricardo Dar√≠n, Carla Quevedo, Pablo Rago",A retired legal counselor writes a novel hoping to find closure for one of his past unresolved homicide cases and for his unreciprocated love with his superior - both of which still haunt him decades later.,Drama
Raging Bull,Martin Scorsese,"Robert De Niro, Cathy Moriarty, Joe Pesci, Frank Vincent","The life of boxer Jake LaMotta, whose violence and temper that led him to the top in the ring destroyed his life outside of it.",Biography
"Lock, Stock and Two Smoking Barrels",Guy Ritchie,"Jason Flemyng, Dexter Fletcher, Nick Moran, Jason Statham","A botched card game in London triggers four friends, thugs, weed-growers, hard gangsters, loan sharks and debt collectors to collide with each other in a series of unexpected events, all for the sake of weed, cash and two antique shotguns.",Comedy
The Wolf of Wall Street,Martin Scorsese,"Leonardo DiCaprio, Jonah Hill, Margot Robbie, Matthew McConaughey","Based on the true story of Jordan Belfort, from his rise to a wealthy stock-broker living the high life to his fall involving crime, corruption and the federal government.",Biography
The Treasure of the Sierra Madre,John Huston,"Humphrey Bogart, Walter Huston, Tim Holt, Bruce Bennett",Two Americans searching for work in Mexico convince an old prospector to help them mine for gold in the Sierra Madre Mountains.,Adventure
Judgment at Nuremberg,Stanley Kramer,"Spencer Tracy, Burt Lancaster, Richard Widmark, Marlene Dietrich","In 1948, an American court in occupied Germany tries four Nazis judged for war crimes.",Drama
Babam ve Oglum,√áagan Irmak,"Çetin Tekindor, Fikret Kuskan, Hümeyra",The family of a left-wing journalist is torn apart after a military coup in 1980's Turkey.,Drama
"Three Billboards Outside Ebbing, Missouri",Martin McDonagh,"Frances McDormand, Woody Harrelson, Sam Rockwell ",A mother personally challenges the local authorities to solve her daughter's murder when they fail to catch the culprit.,Comedy
Chinatown,Roman Polanski,"Jack Nicholson, Faye Dunaway, John Huston, Perry Lopez","A private detective hired to expose an adulterer finds himself caught up in a web of deceit, corruption, and murder.",Drama
The Gold Rush,Charles Chaplin,"Charles Chaplin, Mack Swain, Tom Murray, Henry Bergman",A prospector goes to the Klondike in search of gold and finds it and more.,Adventure
Dial M for Murder,Alfred Hitchcock,"Ray Milland, Grace Kelly, Robert Cummings, John Williams",A tennis player frames his unfaithful wife for first-degree murder after she inadvertently hinders his plan to kill her.,Crime
There Will Be Blood,Paul Thomas Anderson,"Daniel Day-Lewis, Martin Stringer, Matthew Braden Stringer, Jacob Stringer","A story of family, religion, hatred, oil and madness, focusing on a turn-of-the-century prospector in the early days of the business.",Drama
V for Vendetta,James McTeigue,"Natalie Portman, Hugo Weaving, Stephen Rea, Stephen Fry","In a future British tyranny, a shadowy freedom fighter, known only by the alias of ""V"", plots to overthrow it with the help of a young woman.",Action
Inside Out,Pete Docter,"Amy Poehler, Phyllis Smith, Richard Kind, Bill Hader","After young Riley is uprooted from her Midwest life and moved to San Francisco, her emotions - Joy, Fear, Anger, Disgust and Sadness - conflict on how best to navigate a new city, house, and school.",Animation
The Seventh Seal,Ingmar Bergman,"Gunnar Bj√∂rnstrand, Bengt Ekerot, Nils Poppe, Max von Sydow","A man seeks answers about life, death, and the existence of God as he plays chess against the Grim Reaper during the Black Plague.",Drama
Drishyam,Jeethu Joseph,"Ajay Devgn, Shriya Saran, Tabu, Rajat Kapoor",A man goes to extreme lengths to save his family from punishment after the family commits an accidental crime.,Crime
Warrior,Gavin O'Connor,"Joel Edgerton, Tom Hardy, Nick Nolte, Jennifer Morrison","The youngest son of an alcoholic former boxer returns home, where he's trained by his father for competition in a mixed martial arts tournament - a path that puts the fighter on a collision course with his estranged, older brother.",Drama
No Country for Old Men,Ethan Coen,"Tommy Lee Jones, Javier Bardem, Josh Brolin, Woody Harrelson",Violence and mayhem ensue after a hunter stumbles upon a drug deal gone wrong and more than two million dollars in cash near the Rio Grande.,Crime
Trainspotting,Danny Boyle,"Ewan McGregor, Ewen Bremner, Jonny Lee Miller, Kevin McKidd","Renton, deeply immersed in the Edinburgh drug scene, tries to clean up and get out, despite the allure of the drugs and influence of friends.",Drama
Room,Lenny Abrahamson,"Brie Larson, Jacob Tremblay, Sean Bridgers","Held captive for 7 years in an enclosed space, a woman and her young son finally gain their freedom, allowing the boy to experience the outside world for the first time.",Drama
The Elephant Man,David Lynch,"Anthony Hopkins, John Hurt, Anne Bancroft, John Gielgud","A Victorian surgeon rescues a heavily disfigured man who is mistreated while scraping a living as a side-show freak. Behind his monstrous fa√ßade, there is revealed a person of kindness, intelligence and sophistication.",Biography
The Sixth Sense,M. Night Shyamalan,"Bruce Willis, Haley Joel Osment, Toni Collette, Olivia Williams",A boy who communicates with spirits seeks the help of a disheartened child psychologist.,Drama
Shutter Island,Martin Scorsese,"Leonardo DiCaprio, Mark Ruffalo, Ben Kingsley, Max von Sydow","In 1954, a U.S. Marshal investigates the disappearance of a murderer who escaped from a hospital for the criminally insane.",Mystery
The Thing,John Carpenter,"Kurt Russell, Wilford Brimley, T.K. Carter, David Clennon",A research team in Antarctica is hunted by a shape-shifting alien that assumes the appearance of its victims.,Horror
Gone with the Wind,Victor Fleming,"Thomas Mitchell, Barbara O'Neil, Vivien Leigh, Evelyn Keyes",A manipulative woman and a roguish man conduct a turbulent romance during the American Civil War and Reconstruction periods.,Drama
Andhadhun,Sriram Raghavan,"Ayushmann Khurrana, Tabu, Radhika Apte","A series of mysterious events changes the life of a blind pianist, who must now report a crime that he should technically know nothing of.",Crime
The Bridge on the River Kwai,David Lean,"William Holden, Alec Guinness, Jack Hawkins, Sessue Hayakawa","British POWs build a railway bridge across the river Kwai for their Japanese captors, oblivious of the Allies' plans to destroy it.",Adventure
Blade Runner,Ridley Scott,"Harrison Ford, Rutger Hauer, Sean Young, Edward James Olmos","A blade runner must pursue and terminate four replicants who stole a ship in space, and have returned to Earth to find their creator.",Action
On the Waterfront,Elia Kazan,"Marlon Brando, Karl Malden, Lee J. Cobb, Rod Steiger",An ex-prize fighter turned longshoreman struggles to stand up to his corrupt union bosses.,Crime
The Third Man,Carol Reed,"Joseph Cotten, Alida Valli, Orson Welles, Trevor Howard","Pulp novelist Holly Martins travels to shadowy, postwar Vienna, only to find himself investigating the mysterious death of an old friend, Harry Lime.",Film-Noir
Jurassic Park,Steven Spielberg,"Sam Neill, Laura Dern, Jeff Goldblum, Richard Attenborough",A pragmatic Paleontologist visiting an almost complete theme park is tasked with protecting a couple of kids after a power failure causes the park's cloned dinosaurs to run loose.,Action
Finding Nemo,Andrew Stanton,"Albert Brooks, Ellen DeGeneres, Alexander Gould, Willem Dafoe","After his son is captured in the Great Barrier Reef and taken to Sydney, a timid clownfish sets out on a journey to bring him home.",Animation
Wild Strawberries,Ingmar Bergman,"Victor Sj√∂str√∂m, Bibi Andersson, Ingrid Thulin, Gunnar Bj√∂rnstrand","After living a life marked by coldness, an aging professor is forced to confront the emptiness of his existence.",Drama
Fargo,Joel Coen,"William H. Macy, Steve Buscemi, Peter Stormare, Kristin Rudr√ºd",Jerry Lundegaard's inept crime falls apart due to his and his henchmen's bungling and the persistent police work of the quite pregnant Marge Gunderson.,Crime
Gran Torino,Clint Eastwood,"Clint Eastwood, Christopher Carley, Bee Vang, Ahney Her","Disgruntled Korean War veteran Walt Kowalski (Clint Eastwood) sets out to reform his neighbor, Thao Lor (Bee Vang), a Hmong teenager who tried to steal Kowalski's prized possession: a 1972 Gran Torino.",Drama
The Bandit,Yavuz Turgul,"Sener Sen, Ugur Yücel, Sermin Hürmeriç","Baran the Bandit, released from prison after 35 years searches for vengeance and his lover.",Crime
Kill Bill: Vol. 1,Quentin Tarantino,"Uma Thurman, Lucy Liu, Vivica A. Fox, Daryl Hannah","After awakening from a four-year coma, a former assassin wreaks vengeance on the team of assassins who betrayed her.",Action
The Deer Hunter,Michael Cimino,"Robert De Niro, John Cazale, John Savage, Christopher Walken",An in-depth examination of the ways in which the U.S. Vietnam War impacts and disrupts the lives of people in a small industrial town in Pennsylvania.,Drama
Ford v Ferrari,James Mangold,"Matt Damon, Christian Bale, Jon Bernthal","American car designer Carroll Shelby and driver Ken Miles battle corporate interference, the laws of physics and their own personal demons to build a revolutionary race car for Ford and challenge Ferrari at the 24 Hours of Le Mans in 1966.",Action
Stalker,Andrei Tarkovsky,"Alisa Freyndlikh, Aleksandr Kaydanovskiy, Anatoliy Solonitsyn, Nikolay Grinko",A guide leads two men through an area known as the Zone to find a room that grants wishes.,Drama
The Truman Show,Peter Weir,"Jim Carrey, Laura Linney, Noah Emmerich, Natascha McElhone",An insurance salesman discovers his whole life is actually a reality TV show.,Comedy
The Big Lebowski,Joel Coen,"Jeff Bridges, John Goodman, Julianne Moore, Steve Buscemi","Jeff ""The Dude"" Lebowski, mistaken for a millionaire of the same name, seeks restitution for his ruined rug and enlists his bowling buddies to help get it.",Comedy
Tokyo Story,Yasujir√¥ Ozu,"Chish√ª Ry√ª, Chieko Higashiyama, Setsuko Hara, Haruko Sugimura",An old couple visit their children and grandchildren in the city; but the children have little time for them.,Drama
Relatos salvajes,Dami√°n Szifron,"Darío Grandinetti, María Marull, Mónica Villa",Six short stories that explore the extremities of human behavior involving people in distress.,Comedy
Mary and Max,Adam Elliot,"Toni Collette, Philip Seymour Hoffman, Barry Humphries, Eric Bana","A tale of friendship between two unlikely pen pals: Mary, a lonely, eight-year-old girl living in the suburbs of Melbourne, and Max, a forty-four-year old, severely obese man living in New York.",Animation
In the Name of the Father,Jim Sheridan,"Alison Crosbie, Daniel Day-Lewis, Philip King, Emma Thompson",A man's coerced confession to an IRA bombing he did not commit results in the imprisonment of his father as well. An English lawyer fights to free them.,Biography
Gone Girl,David Fincher,"Ben Affleck, Rosamund Pike, Neil Patrick Harris, Tyler Perry","With his wife's disappearance having become the focus of an intense media circus, a man sees the spotlight turned on him when it's suspected that he may not be innocent.",Drama
Hacksaw Ridge,Mel Gibson,"Andrew Garfield, Richard Pyros, Jacob Warner, Milo Gibson","World War II American Army Medic Desmond T. Doss, who served during the Battle of Okinawa, refuses to kill people, and becomes the first man in American history to receive the Medal of Honor without firing a shot.",Biography
The General,Clyde Bruckman,"Buster Keaton, Marion Mack, Glen Cavender, Jim Farley","When Union spies steal an engineer's beloved locomotive, he pursues it single-handedly and straight through enemy lines.",Action
Sherlock Jr.,Buster Keaton,"Buster Keaton, Kathryn McGuire, Joe Keaton","A film projectionist longs to be a detective, and puts his meagre skills to work when he is framed by a rival for stealing his girlfriend's father's pocketwatch.",Action
How to Train Your Dragon,Dean DeBlois,"Jay Baruchel, Gerard Butler, Craig Ferguson, America Ferrera","A hapless young Viking who aspires to hunt dragons becomes the unlikely friend of a young dragon himself, and learns there may be more to the creatures than he assumed.",Animation
Mr. Smith Goes to Washington,Frank Capra,"Jean Arthur, James Stewart, Claude Rains, Edward Arnold","A naive man is appointed to fill a vacancy in the United States Senate. His plans promptly collide with political corruption, but he doesn't back down.",Comedy
Memories of Murder,Bong Joon Ho,"Kang-ho Song, Sang-kyung Kim, Roe-ha Kim, Jae-ho Song","In a small Korean province in 1986, three detectives struggle with the case of multiple young women being found raped and murdered by an unknown culprit.",Action
The Grand Budapest Hotel,Wes Anderson,"Ralph Fiennes, F. Murray Abraham, Mathieu Amalric, Adrien Brody","The adventures of Gustave H, a legendary concierge at a famous hotel from the fictional Republic of Zubrowka between the first and second World Wars, and Zero Moustafa, the lobby boy who becomes his most trusted friend.",Adventure
Persona,Ingmar Bergman,"Bibi Andersson, Liv Ullmann, Margaretha Krook, Gunnar Bj√∂rnstrand",A nurse is put in charge of a mute actress and finds that their personae are melding together.,Drama
Before Sunrise,Richard Linklater,"Ethan Hawke, Julie Delpy, Andrea Eckert, Hanno P√∂schl","A young man and woman meet on a train in Europe, and wind up spending one evening together in Vienna. Unfortunately, both know that this will probably be their only night together.",Drama
Catch Me If You Can,Steven Spielberg,"Leonardo DiCaprio, Tom Hanks, Christopher Walken, Martin Sheen","A seasoned FBI agent pursues Frank Abagnale Jr. who, before his 19th birthday, successfully forged millions of dollars' worth of checks while posing as a Pan Am pilot, a doctor, and a legal prosecutor.",Biography
Into the Wild,Sean Penn,"Emile Hirsch, Marcia Gay Harden, William Hurt, Jena Malone","After graduating from Emory University, top student and athlete Christopher McCandless abandons his possessions, gives his entire $24,000 savings account to charity and hitchhikes to Alaska to live in the wilderness. Along the way, Christopher encounters a series of characters that shape his life.",Adventure
Cool Hand Luke,Stuart Rosenberg,"Paul Newman, George Kennedy, J.D. Cannon, Lou Antonio","A laid back Southern man is sentenced to two years in a rural prison, but refuses to conform.",Crime
12 Years a Slave,Steve McQueen,"Chiwetel Ejiofor, Dwight Henry, Dickie Gravois, Bryan Batt","In the antebellum United States, Solomon Northup, a free black man from upstate New York, is abducted and sold into slavery.",Biography
The Wages of Fear,Henri-Georges Clouzot,"Yves Montand, Charles Vanel, Folco Lulli, Peter van Eyck","In a decrepit South American village, four men are hired to transport an urgent nitroglycerine shipment without the equipment that would make it safe.",Adventure
Prisoners,Denis Villeneuve,"Hugh Jackman, Jake Gyllenhaal, Viola Davis ","When Keller Dover's daughter and her friend go missing, he takes matters into his own hands as the police pursue multiple leads and the pressure mounts.",Crime
Network,Sidney Lumet,"Faye Dunaway, William Holden, Peter Finch, Robert Duvall",A television network cynically exploits a deranged former anchor's ravings and revelations about the news media for its own profit.,Drama
Monty Python's Life of Brian,Terry Jones,"Graham Chapman, John Cleese, Michael Palin","Born on the original Christmas in the stable next door to Jesus, Brian of Nazareth spends his life being mistaken for a messiah.",Comedy
Stand by Me,Rob Reiner,"Wil Wheaton, River Phoenix, Corey Feldman, Jerry O'Connell","After the death of one of his friends, a writer recounts a boyhood journey with his friends to find the body of a missing boy.",Adventure
Mad Max: Fury Road,George Miller,"Tom Hardy, Charlize Theron, Nicholas Hoult, Hugh Keays-Byrne","In a post-apocalyptic wasteland, a woman rebels against a tyrannical ruler in search for her homeland with the aid of a group of female prisoners, a psychotic worshiper, and a drifter named Max.",Action
Platoon,Oliver Stone,"Tom Berenger, Keith David, Willem Dafoe, Forest Whitaker",A young soldier in Vietnam faces a moral crisis when confronted with the horrors of war and the duality of man.,Drama
The Red Shoes,Michael Powell,"Anton Walbrook, Marius Goring, Moira Shearer",A young ballet dancer is torn between the man she loves and her pursuit to become a prima ballerina.,Drama
The Passion of Joan of Arc,Carl Theodor Dreyer,"Maria Falconetti, Eugene Silvain, Andr√© Berley, Maurice Schutz","In 1431, Jeanne d'Arc is placed on trial on charges of heresy. The ecclesiastical jurists attempt to force Jeanne to recant her claims of holy visions.",Biography
Million Dollar Baby,Clint Eastwood,"Clint Eastwood, Hilary Swank, Morgan Freeman, Jay Baruchel",A determined woman works with a hardened boxing trainer to become a professional.,Drama
Rang De Basanti,Rakeysh Omprakash Mehra,"Aamir Khan, Siddharth, Sharman Joshi, Kunal Kapoor","The story of six young Indians who assist an English woman to film a documentary on the freedom fighters from their past, and the events that lead them to relive the long-forgotten saga of freedom.",Comedy
Rush,Ron Howard,"Chris Hemsworth, Daniel Br√ºhl, Olivia Wilde, Alexandra Maria Lara",The merciless 1970s rivalry between Formula One rivals James Hunt and Niki Lauda.,Biography
Hachi: A Dog's Tale,Lasse Hallstr√∂m,"Richard Gere, Joan Allen, Cary-Hiroyuki Tagawa, Sarah Roemer",A college professor bonds with an abandoned dog he takes into his home.,Drama
Barry Lyndon,Stanley Kubrick,"Ryan O'Neal, Marisa Berenson, Patrick Magee, Hardy Kr√ºger",An Irish rogue wins the heart of a rich widow and assumes her dead husband's aristocratic position in 18th-century England.,Adventure
Logan,James Mangold,"Hugh Jackman, Patrick Stewart, Dafne Keen","In a future where mutants are nearly extinct, an elderly and weary Logan leads a quiet life. But when Laura, a mutant child pursued by scientists, comes to him for help, he must get her to safety.",Action
Andrei Rublev,Andrei Tarkovsky,"Anatoliy Solonitsyn, Ivan Lapikov, Nikolay Grinko, Nikolay Sergeev","The life, times and afflictions of the fifteenth-century Russian iconographer St. Andrei Rublev.",Biography
Ben-Hur,William Wyler,"Charlton Heston, Jack Hawkins, Haya Harareet, Stephen Boyd","When a Jewish prince is betrayed and sent into slavery by a Roman friend, he regains his freedom and comes back for revenge.",Adventure
Nausica√§ of the Valley of the Wind,Hayao Miyazaki,"Sumi Shimamoto, Mahito Tsujimura, Hisako Ky√¥da, Gor√¥ Naya",Warrior and pacifist Princess Nausica√§ desperately struggles to prevent two warring nations from destroying themselves and their dying planet.,Animation
The 400 Blows,Fran√ßois Truffaut,"Jean-Pierre L√©aud, Claire Maurier, Albert R√©my, Guy Decomble","A young boy, left without attention, delves into a life of petty crime.",Crime
Hotel Rwanda,Terry George,"Don Cheadle, Xolani Mali, Desmond Dube, Hakeem Kae-Kazim",Paul Rusesabagina was a hotel manager who housed over a thousand Tutsi refugees during their struggle against the Hutu militia in Rwanda.,Biography
Amores Perros,Alejandro G. I√±√°rritu,"Emilio Echevarr√≠a, Gael Garc√≠a Bernal, Goya Toledo, √Ålvaro Guerrero","A horrific car accident connects three stories, each involving characters dealing with loss, regret, and life's harsh realities, all in the name of love.",Drama
Harry Potter and the Deathly Hallows: Part 2,David Yates,"Ralph Fiennes, Michael Gambon, Alan Rickman, Daniel Radcliffe","Harry (Daniel Radcliffe), Ron (Rupert Grint), and Hermione (Emma Watson) search for Voldemort's (Ralph Fiennes') remaining Horcruxes in their effort to destroy the Dark Lord as the final battle rages on at Hogwarts.",Adventure
Spotlight,Tom McCarthy,"Mark Ruffalo, Michael Keaton, Rachel McAdams","The true story of how the Boston Globe uncovered the massive scandal of child molestation and cover-up within the local Catholic Archdiocese, shaking the entire Catholic Church to its core.",Biography
Dead Poets Society,Peter Weir,"Robin Williams, Robert Sean Leonard, Ethan Hawke",English teacher John Keating inspires his students to look at poetry with a different perspective of authentic knowledge and feelings.,Comedy
Ace in the Hole,Billy Wilder,"Kirk Douglas, Jan Sterling, Robert Arthur ","A frustrated former big-city journalist now stuck working for an Albuquerque newspaper exploits a story about a man trapped in a cave to rekindle his career, but the situation quickly escalates into an out-of-control circus.",Drama
White Heat,Raoul Walsh,"James Cagney, Virginia Mayo, Edmond O'Brien",A psychopathic criminal with a mother complex makes a daring break from prison and leads his old gang in a chemical plant payroll heist.,Action
Rebecca,Alfred Hitchcock,"Laurence Olivier, Joan Fontaine, George Sanders",A self-conscious woman juggles adjusting to her new role as an aristocrat's wife and avoiding being intimidated by his first wife's spectral presence.,Drama
Rocky,John G. Avildsen,"Sylvester Stallone, Talia Shire, Burt Young, Carl Weathers",A small-time boxer gets a supremely rare chance to fight a heavy-weight champion in a bout in which he strives to go the distance for his self-respect.,Drama
"Monsters, Inc.",Pete Docter,"John Goodman, Billy Crystal, Mary Gibbs, Steve Buscemi","In order to power the city, monsters have to scare children so that they scream. However, the children are toxic to the monsters, and after a child gets through, 2 monsters realize things may not be what they think.",Animation
It Happened One Night,Frank Capra,"Clark Gable, Claudette Colbert, Walter Connolly, Roscoe Karns",A spoiled heiress running away from her family is helped by a man who is actually a reporter in need of a story.,Comedy
The Handmaiden,Chan-wook Park,"Min-hee Kim, Jung-woo Ha, Jin-woong Cho","A woman is hired as a handmaiden to a Japanese heiress, but secretly she is involved in a plot to defraud her.",Drama
La Haine,Mathieu Kassovitz,"Vincent Cassel, Hubert Kound√©, Sa√Ød Taghmaoui, Abdel Ahmed Ghili",24 hours in the lives of three young men in the French suburbs the day after a violent riot.,Crime
Gangs of Wasseypur,Anurag Kashyap,"Manoj Bajpayee, Richa Chadha, Nawazuddin Siddiqui, Tigmanshu Dhulia","A clash between Sultan and Shahid Khan leads to the expulsion of Khan from Wasseypur, and ignites a deadly blood feud spanning three generations.",Action
Lagaan: Once Upon a Time in India,Ashutosh Gowariker,"Cary Elwes, Mandy Patinkin, Robin Wright",The people of a small village in Victorian India stake their future on a game of cricket against their ruthless British rulers.,Adventure
The Princess Bride,Rob Reiner,"Cary Elwes, Mandy Patinkin, Chris Sarandon, Christopher Guest","While home sick in bed, a young boy's grandfather reads him the story of a farmboy-turned-pirate who encounters numerous obstacles, enemies and allies in his quest to be reunited with his true love.",Adventure
PK,Rajkumar Hirani,"Aamir Khan, Anushka Sharma, Sanjay Dutt, Boman Irani",An alien on Earth loses the only device he can use to communicate with his spaceship. His innocent nature and child-like questions force the country to evaluate the impact of religion on its people.,Comedy
Butch Cassidy and the Sundance Kid,George Roy Hill,"Paul Newman, Robert Redford, Katharine Ross, Strother Martin","Wyoming, early 1900s. Butch Cassidy and The Sundance Kid are the leaders of a band of outlaws. After a train robbery goes wrong they find themselves on the run with a posse hard on their heels. Their solution - escape to Bolivia.",Biography
Before Sunset,Richard Linklater,"Ethan Hawke, Julie Delpy, Vernon Dobtcheff","Nine years after Jesse and Celine first met, they encounter each other again on the French leg of Jesse's book tour.",Drama
The Help,Tate Taylor,"Emma Stone, Viola Davis, Bryce Dallas Howard, Octavia Spencer","An aspiring author during the civil rights movement of the 1960s decides to write a book detailing the African American maids' point of view on the white families for which they work, and the hardships they go through on a daily basis.",Drama
Munna Bhai M.B.B.S.,Rajkumar Hirani,"Sunil Dutt, Sanjay Dutt, Arshad Warsi, Gracy Singh",A gangster sets out to fulfill his father's dream of becoming a doctor.,Comedy
The Terminator,James Cameron,"Arnold Schwarzenegger, Michael Biehn, Linda Hamilton, Paul Winfield","In 1984, a human soldier is tasked to stop an indestructible cyborg killing machine, both sent from 2029, from executing a young woman, whose unborn son is the key to humanity's future salvation.",Action
Akira,Katsuhiro √îtomo,"Mitsuo Iwata, Nozomu Sasaki, Mami Koyama",A secret military project endangers Neo-Tokyo when it turns a biker gang member into a rampaging psychic psychopath who can only be stopped by two teenagers and a group of psychics.,Animation
In the Mood for Love,Kar-Wai Wong,"Maggie Cheung, Tony Chiu-Wai Leung, Ping Lam Siu, Tung Cho 'Joe' Cheung","Two neighbors, a woman and a man, form a strong bond after both suspect extramarital activities of their spouses. However, they agree to keep their bond platonic so as not to commit similar wrongs.",Drama
"Paris, Texas",Wim Wenders,"Harry Dean Stanton, Sam Berry, Bernhard Wicki, Dean Stockwell","Travis Henderson, an aimless drifter who has been missing for four years, wanders out of the desert and must reconnect with society, himself, his life, and his family.",Drama
Aladdin,Ron Clements,"Scott Weinger, Robin Williams, Linda Larkin",A kindhearted street urchin and a power-hungry Grand Vizier vie for a magic lamp that has the power to make their deepest wishes come true.,Animation
Swades,Ashutosh Gowariker,"Shah Rukh Khan, Gayatri Joshi, Kishori Ballal",A successful Indian scientist returns to an Indian village to take his nanny to America with him and in the process rediscovers his roots.,Drama
Guardians of the Galaxy,James Gunn,"Chris Pratt, Vin Diesel, Bradley Cooper",A group of intergalactic criminals must pull together to stop a fanatical warrior with plans to purge the universe.,Action
Infernal Affairs,Andrew Lau,"Andy Lau, Tony Chiu-Wai Leung, Anthony Chau-Sang Wong, Eric Tsang","A story between a mole in the police department and an undercover cop. Their objectives are the same: to find out who is the mole, and who is the cop.",Crime
The Battle of Algiers,Gillo Pontecorvo,"Jean Martin, Yacef Saadi, Brahim Hadjadj, Samia Kerbash","In the 1950s, fear and violence escalate as the people of Algiers fight for independence from the French government.",Drama
La leggenda del pianista sull'oceano,Giuseppe Tornatore,"Tim Roth, Pruitt Taylor Vince, Mélanie Thierry","A baby boy, discovered in 1900 on an ocean liner, grows into a musical prodigy, never setting foot on land.",Drama
Castle in the Sky,Hayao Miyazaki,"Anna Paquin, James Van Der Beek, Cloris Leachman",A young boy and a girl with a magic crystal must race against pirates and foreign agents in a search for a legendary floating castle.,Animation
