Videourl,Category
/watch?v=zyYgDtY2AMY,FordvFerrari
/watch?v=I3h9Z89U9ZA,FordvFerrari
/watch?v=AphqetTrXt0,FordvFerrari
/watch?v=bYKcALDSl10,FordvFerrari
/watch?v=aZi9ucDHsvU,FordvFerrari
/watch?v=YHbFAcW9Gh0,FordvFerrari
/watch?v=HdSN7__uzyM,FordvFerrari
/watch?v=Vo96qDiGUiI,FordvFerrari
/watch?v=NjjsQG7VjqY,FordvFerrari
/watch?v=rSKcwgjZXAg,FordvFerrari
/watch?v=zKmt7vgPUAo,FordvFerrari
/watch?v=AyvCoOWmLNE,FordvFerrari
/watch?v=gfUBO7C1nTw,FordvFerrari
/watch?v=oKYoxGv_llI,FordvFerrari
/watch?v=iR8FP1_pjn0,FordvFerrari
/watch?v=9i_McA5BlKE,FordvFerrari
/watch?v=MTaNjOPv6OU,FordvFerrari
/watch?v=_uwkU6uNH1c,FordvFerrari
/watch?v=z_Mwq8BYPiQ,FordvFerrari
/watch?v=p3Qo0234y1g,FordvFerrari
/watch?v=QpvEWVVnICE,FordvFerrari
/watch?v=qSqVVswa420,FordvFerrari
/watch?v=4hNoWuTvhgQ,FordvFerrari
/watch?v=XvJ1IBoIPWs,FordvFerrari
/watch?v=zk1iin6Jg1U,FordvFerrari
/watch?v=PL2j9MbvgH8,FordvFerrari
/watch?v=pNn8rK1VtIA,FordvFerrari
/watch?v=VGXIvKJVJ0c,FordvFerrari
/watch?v=0Hy2rGHBfjQ,FordvFerrari
/watch?v=q39T7g51GsE,FordvFerrari
